Government,Public body,On Map,Location,Address,Latitude,Longitude,Schedule,Start time,End time,Remote options,Source
City of Asheville,City Council,,Harrah’s Cherokee Center,"87 Haywood St, Asheville, NC 28801",35.60095,-82.554016,2nd and 4th Tuesday of every month,5:00 PM,,Meetings are live-streamed on the City’s YouTube Channel https://www.youtube.com/user/CityofAsheville and our Virtual Engagement Hub https://publicinput.com/hub/88 . Meeting are also streamed to Spectrum Cable Channel 193.,https://www.buncombecounty.org/transparency/boards-commissions/default.aspx
Buncombe County,Affordable Housing Committee,,Buncombe County Permits & Inspections,"30 Valley Street, Meeting Room, Asheville, NC 28801",35.61,-82.53,1st Tuesday of each month,1:00 PM,2:30 PM,,https://www.buncombecounty.org/transparency/boards-commissions/default.aspx
Asheville-Buncombe County,AB Tech/Buncombe County Joint Capital Advisory Committee,,County Administration Building,200 College Street,35.596121,-82.559814,As needed,,,Zoom,https://www.buncombecounty.org/transparency/boards-commissions/default.aspx
Buncombe County,Ad Hoc Reappraisal Committee,,County Administration Building,"200 College Street, 1st Floor Conference Room Asheville, NC 28801",35.596121,-82.559814,1st and 3rd Wednesday of every month,5:00 PM,7:00 PM,"855-925-2801 Meeting code: 9236 
Email UX8750@PublicInput.com",https://www.buncombecounty.org/transparency/boards-commissions/default.aspx
Buncombe County,Adult Care Home Community Advisory Committee,,Land of Sky Regional Council Offices,339 New Leicester Highway Asheville 28806,35.60139,-82.621802,3rd Friday of each month,9:00 AM,,,https://www.buncombecounty.org/transparency/boards-commissions/default.aspx
Asheville-Buncombe County,African American Heritage Commission,,City Hall,"70 Court Plaza, 1st Floor North Conference Room Asheville, NC 28801 ",35.60095,-82.554016,2nd Thursday of each month,11:30 AM,,"Watch live through the Engagement Hub: Public Engagement Hub or watch live on the City YouTube Channel.

Listen live by calling 855-925-2801 Enter Code 9409.

Pre-recorded voicemail comments by calling 855-925-2801 Enter Code 9409.  Voicemail comments will be accepted until Wednesday, April 13 at 5:00 PM

Written public comments by email – AAHCAVL@PublicInput.com.",https://www.buncombecounty.org/transparency/boards-commissions/default.aspx
Buncombe County,Agricultural Advisory Board for Farmland Preservation,,Soil & Water conference,"49 Mt. Carmel Road, Asheville, NC 28806",35.689584,-82.569736,3rd Tuesday of each month,11:00 AM,12:00 PM,Zoom,https://www.buncombecounty.org/transparency/boards-commissions/default.aspx
City of Asheville,Asheville Board of Adjustment,,City Hall,"70 Court Plaza, 1st Floor North Conference Room Asheville, NC 28801 ",35.60095,-82.554016,4th Monday of each month,2:00 PM,,,https://www.buncombecounty.org/transparency/boards-commissions/default.aspx
Asheville-Buncombe County,Asheville-Buncombe Regional Sports Commission,,Chamber of Commerce,"36 Montford Ave, Asheville, NC 28801",35.60095,-82.554016,,,,,https://www.buncombecounty.org/transparency/boards-commissions/default.aspx
Asheville-Buncombe County,Asheville Buncombe Technical CC Board of Trustees,,A-B Tech -- Magnolia Building,"340 Victoria Road, Asheville, NC 28801",35.596121,-82.559814,1st Monday of every month (except January & July),"12 Noon in February, 3:30 PM for all others",,,https://www.buncombecounty.org/transparency/boards-commissions/default.aspx
City of Asheville,Asheville Planning and Zoning Commission,,City Hall,"70 Court Plaza, 1st Floor North Conference Room Asheville, NC 28801 ",35.60095,-82.554016,1st Wednesday of each month,5:00 PM,,"Phone: Voicemail comments may be pre-recorded by calling 855-925-2801 and entering code 9273 when prompted (available until 5:00 PM the day before the meeting).
Email: Written comments may be submitted to AVLPZC@PublicInput.com (available until 5:00 PM the day before the meeting).",https://www.buncombecounty.org/transparency/boards-commissions/default.aspx
City of Asheville,Asheville Regional Housing Consortium,,Public Works Bldg,"161 S Charlotte Street, Room 109 Asheville 28801 ",35.592968,-82.548778,4th Wednesday,9:30 AM,,,https://www.buncombecounty.org/transparency/boards-commissions/default.aspx
Alamance County,County Commissioners,,County Office Building,"124 W. Elm St., Commissioners Meeting Room located on the 2nd Floor, Graham, NC  27253",35.7112915,-79.814381,1st Monday and 3rd Monday of the month,"9:00 AM and 7:00 PM, respectively",,"Video recordings of our Commissioners Meetings both online and on the local Time-Warner Public Access Channels.  The television broadcast of the meetings will occur on the 2nd and 4th Wednesdays of each month at 10 PM.  Online videos will be made available after processing the videos through Youtube, our service providers for multimedia.  The meetings are now streamed live.",https://www.alamance-nc.com/boardscommittees/
Alamance County,Adult Care Home Community Advisory Committee,,J. R. Kernodle Senior Center,"1535 S Mebane St
Burlington NC 27215",36.080331,-79.451938,3rd Tuesday of each quarter,2:00 PM,,,https://www.alamance-nc.com/boardscommittees/boards-and-committees/human-services/adult-care-home-community-advisory-committee/
Alamance County,Agricultural Advisory Board,,Agricultural Building Auditorium,,36.077676,-79.487215,1st Wednesday of each quarter,12:00 PM,,,https://www.alamance-nc.com/boardscommittees/boards-and-committees/other-boards-and-committees/agricultural-advisory-board/
Alamance County,Alamance Beautiful Commission,,Agricultural Extension Center,,36.04,-79.4,Every 4th Tuesday except July & December,12:15 PM,,,https://www.alamance-nc.com/boardscommittees/boards-and-committees/other-boards-and-committees/alamance-beautiful-commission/
Alamance County,Alamance Community College Board of Trustees,,"Alamance Community College, Wallace Gee Bldg.","1247 Jimmie Kerr Rd
Graham, NC 27253",36.0652275,-79.35742400000001,2nd Monday of every month except July and December,6:00 PM,,,https://www.alamance-nc.com/boardscommittees/boards-and-committees/other-boards-and-committees/alamance-community-college-board-of-trustees/
Alamance County,Alamance County Board of Adjustment,,Commissioners’ Room,,36.04,-79.4,"1st Monday of the month, when required",7:00 PM,,,https://www.alamance-nc.com/boardscommittees/boards-and-committees/planning-and-taxation/alamance-county-board-of-adjustment/
Alamance County,Alamance County Planning Board,,,"124 W Elm Street
Graham, NC 27253",36.04,-79.4,2nd Thursday of each month,7:00 PM,,https://www.youtube.com/channel/UC1QADkhkyUpac9rMs42imjA,https://www.alamance-nc.com/planningdept/boards/planning-board/
Alamance County,Alamance County Senior Services Committee,,J. R. Kernodle Senior Center,"1535 S Mebane St
Burlington NC 27215",36.080331,-79.451938,2nd Tuesday of each month,8:30 AM,,,https://www.alamance-nc.com/boardscommittees/boards-and-committees/human-services/senior-services-committee/
Alamance County,Alamance County Transportation Authority,,ACTA Office,,35.7112915,-79.814381,3rd Wednesday of each month,4:00 PM,,,https://www.alamance-nc.com/boardscommittees/boards-and-committees/other-boards-and-committees/alamance-county-transportation-authority/
Alamance County,Altamahaw Ossipee Fire District Commission,,Altamahaw Ossipee Fire Department,,36.184302,-79.507246,As called,,,,https://www.alamance-nc.com/boardscommittees/boards-and-committees/public-safety/altamahaw-ossipee-fire-district-commission/
Alamance County,Animal Review Board,,,,36.04,-79.4,As called,,,,https://www.alamance-nc.com/boardscommittees/boards-and-committees/public-safety/animal-review-board/
Alamance County,Board of Equalization and Review,,Commissioners’ Meeting Room,,36.076168,-79.790701,As called,,,,https://www.alamance-nc.com/boardscommittees/boards-and-committees/planning-and-taxation/board-of-equalization-and-review/
Alamance County,Board of Health,,Professional Boardroom,,36.04,-79.4,3rd Tuesday of each month,6:30 PM,,,https://www.alamance-nc.com/healthdept/board-of-health/
Alamance County,Burlington Board of Adjustment,,Burlington City Council Chambers,,36.095692,-79.437799,2nd Tuesday of each month,8:30 AM,,,https://www.alamance-nc.com/boardscommittees/boards-and-committees/planning-and-taxation/burlington-board-of-adjustment/
Alamance County,Burlington Planning and Zoning Commission,,"Burlington Municipal Building, Room 202",,36.091335,-79.436653,4th Monday of each month,7:00 PM,,,https://www.alamance-nc.com/boardscommittees/boards-and-committees/planning-and-taxation/burlington-planning-and-zoning-commission/
Alamance County,Burlington-Alamance Airport Authority,,Airport Terminal Building,,36.048977,-79.476222,3rd Wednesday of each month,12:00 PM,,,https://www.alamance-nc.com/boardscommittees/boards-and-committees/other-boards-and-committees/burlington-alamance-airport-authority/
Alamance County,E. M. Holt Fire District Commission,,E. M. Holt Fire Department,,36.04,-79.4,As called,,,,https://www.alamance-nc.com/boardscommittees/boards-and-committees/public-safety/e-m-holt-fire-district-commission/
Alamance County,EMS Peer Review Committee,,EMS Center,,36.11158,-79.355225,As called,,,,https://www.alamance-nc.com/boardscommittees/boards-and-committees/public-safety/ems-peer-review-committee/
Alamance County,Eli Whitney Fire District Commission,,Eli Whitney Fire Department,,35.906807,-79.307239,Monthly,,,,https://www.alamance-nc.com/boardscommittees/boards-and-committees/public-safety/eli-whitney-fire-district-commission/
Alamance County,Elon Fire District Commission,,Elon Fire Department,,36.102913,-79.50669,Bi-monthly,,,,https://www.alamance-nc.com/boardscommittees/boards-and-committees/public-safety/elon-fire-district-commission/
Alamance County,Elon Planning and Zoning Commission,,Elon Town Hall,,36.102913,-79.50669,Third Tuesday of each month,7:00 PM,,,https://www.alamance-nc.com/boardscommittees/boards-and-committees/planning-and-taxation/elon-planning-and-zoning-commission/
Alamance County,Faucette Fire District Commission,,Faucette Fire Department,,36.066268,-79.520187,As called,,,,https://www.alamance-nc.com/boardscommittees/boards-and-committees/public-safety/faucette-fire-district-commission/
Alamance County,Gibsonville Board of Adjustment,,Gibsonville Town Hall,,36.106198,-79.543097,As called,7:00 PM,,,https://www.alamance-nc.com/boardscommittees/boards-and-committees/planning-and-taxation/gibsonville-board-of-adjustment/
Alamance County,Gibsonville Planning Board,,Gibsonville Town Hall,,36.106198,-79.543097,3rd Thursday of each month,7:00 PM,,,https://www.alamance-nc.com/boardscommittees/boards-and-committees/planning-and-taxation/gibsonville-planning-board/
Alamance County,Graham Board of Adjustment,,,,36.04,-79.4,As called,,,,https://www.alamance-nc.com/boardscommittees/boards-and-committees/planning-and-taxation/graham-board-of-adjustment/
Alamance County,Graham Planning Board,,Council Chambers of Graham Municipal Building,,36.069026,-79.400576,Third Tuesday of each month,,,,https://www.alamance-nc.com/boardscommittees/boards-and-committees/planning-and-taxation/graham-planning-board/
Alamance County,Haw River Fire District Commission,,Haw River Fire Department,,36.091526,-79.364186,As called,,,,https://www.alamance-nc.com/boardscommittees/boards-and-committees/public-safety/haw-river-fire-district-commission/
Alamance County,Haw River Planning and Zoning Commission,,Haw River Municipal Building,,36.091526,-79.364186,1st Tuesday of each month,7:00 PM,,,https://www.alamance-nc.com/boardscommittees/boards-and-committees/planning-and-taxation/haw-river-planning-and-zoning-commission/
Alamance County,Historic Properties Commission,,,,36.04,-79.4,2nd Tuesday of each month,6:00 PM,,https://www.youtube.com/channel/UCdav77c1nQtsM1tnx5rr0yQ,https://www.alamance-nc.com/planningdept/boards/historic-properties-commission/
Alamance County,Jury Commission,,,,36.04,-79.4,September and October as needed,,,,https://www.alamance-nc.com/boardscommittees/boards-and-committees/public-safety/jury-commission/
Alamance County,Justice Advisory Council,,Family Justice Center Training Room,"1951 Martin Street
Burlington, NC 27217",36.04,-79.4,1st Tuesday of each month,8:00 AM,9:30 AM,,https://www.alamance-nc.com/boardscommittees/boards-and-committees/public-safety/justice-advisory-council/
Alamance County,Juvenile Crime Prevention Council,,Graham Civic Center,"500 McGee St
Graham, NC 27253",36.069026,-79.400576,3rd Tuesday of each quarter,12:30 PM,2:00 PM,"Please contact Karen Collins, JCPC Administrative Assistant, kcjcpc@outlook.comfor virtual meeting links.",https://www.alamance-nc.com/boardscommittees/boards-and-committees/public-safety/juvenile-crime-prevention-council/
Alamance County,Library Committee,,One of the four libraries,,35.9023,-78.888448,Four times per year,Alternates between 12:30 PM and 6:30pm,,,https://www.alamance-nc.com/boardscommittees/boards-and-committees/other-boards-and-committees/library-committee/
Alamance County,Local Emergency Planning Committee (LEPC) for Hazardous Chemicals,,Family Justice Center,"1950 Martin St
Burlington, NC",36.04,-79.4,Quarterly,,,,https://www.alamance-nc.com/boardscommittees/boards-and-committees/public-safety/local-emergency-planning-committee-lepc-for-hazardous-chemicals/
Alamance County,Mebane Board of Adjustment,,"Mebane Municipal Building, City Council Chambers",,36.095972,-79.266962,1st Monday of each month,6:00 PM,,,https://www.alamance-nc.com/boardscommittees/boards-and-committees/planning-and-taxation/mebane-board-of-adjustment/
Alamance County,Mebane Fire Department,,Mebane Fire Department,,36.075886,-79.291313,As called,,,,https://www.alamance-nc.com/boardscommittees/boards-and-committees/public-safety/mebane-fire-department/
Alamance County,Mebane Planning Board,,"Mebane Municipal Building, City Council Chambers",,36.095972,-79.266962,2nd Monday of each month,6:30 PM,,,https://www.alamance-nc.com/boardscommittees/boards-and-committees/planning-and-taxation/mebane-planning-board/
Alamance County,North Central Fire District Commission,,North Central Fire Department,,36.04,-79.4,As called,,,,https://www.alamance-nc.com/boardscommittees/boards-and-committees/public-safety/north-central-fire-district-commission/
Alamance County,North Eastern Fire District Commission,,North Eastern Fire Department,,36.04,-79.4,Monthly,,,,https://www.alamance-nc.com/boardscommittees/boards-and-committees/public-safety/north-eastern-fire-district-commission/
Alamance County,Nursing Home Community Advisory Committee,,J.R. Kernodle Senior Center,"1535 S Mebane St
Burlington NC 27215",36.080331,-79.451938,1st Thursday of each quarter,9:30 AM,,,https://www.alamance-nc.com/boardscommittees/boards-and-committees/human-services/nursing-home-community-advisory-committee/
Alamance County,Public Transit Advisory Commission (PTAC),,,,36.04,-79.4,,,,,https://www.alamance-nc.com/boardscommittees/boards-and-committees/other-boards-and-committees/public-transit-advisory-commission-ptac/
Alamance County,Recreation and Parks Commission,,Varies,Varies,36.04,-79.4,3rd Tuesday of each quarter,12:30 PM or 6:00 PM,,,https://www.alamance-nc.com/recreation/home/recreation-and-parks-commission/
Alamance County,Snow Camp Fire Department,,Snow Camp Fire Department,,35.893472,-79.43002,As called,,,,https://www.alamance-nc.com/boardscommittees/boards-and-committees/public-safety/snow-camp-fire-department/
Alamance County,Social Services Board,,Human Services Professional Board Room,,36.04,-79.4,4th Tuesday of each month,12:00 PM,,,https://www.alamance-nc.com/dss/social-services-board/
Alamance County,Swepsonville Fire District Commission,,Swepsonville Fire Department,,36.066268,-79.520187,As called,,,,https://www.alamance-nc.com/boardscommittees/boards-and-committees/public-safety/swepsonville-fire-district-commission/
Alamance County,Tourism Development Authority,,Chamber of Commerce/Visitor Bureau,,35.99853,-78.902268,"4th Tuesday of every other month, beginning January",8:30 AM,,,https://www.alamance-nc.com/boardscommittees/boards-and-committees/other-boards-and-committees/tourism-development-authority/
Alamance County,Veterans Service Committee,,Veterans Service Office,,36.04,-79.4,As called,,,,https://www.alamance-nc.com/boardscommittees/boards-and-committees/other-boards-and-committees/veterans-service-committee/
Alamance County,Village of Alamance Planning Board,,Village of Alamance Town Hall,,36.035136,-79.485855,As called,,,,https://www.alamance-nc.com/boardscommittees/boards-and-committees/planning-and-taxation/village-of-alamance-planning-board/
Alamance County,Workforce Development Board,,"Rotate at Alamance, Orange, or Randolph County",,36.035136,-79.485855,3rd Thursday of the first month in each quarter,11:00 AM,,,https://www.alamance-nc.com/boardscommittees/boards-and-committees/human-services/workforce-development-board/
Cumberland County,Board of Commisioners,,Cumberland County Courthouse,"117 Dick Street, Room 118
Fayetteville, NC",35.05,-78.83,,Every other Monday,"Varies, usually 09:00 AM or 06:45 PM","Site states ""The meetings are broadcast live on CCNCTV Spectrum Cable Channel 5. The meetings are rebroadcast the Wednesday following the meeting at 7:00 p.m. and Friday following the meeting at 10:30 a.m.""  Recordings are available on Youtube here: https://www.youtube.com/user/CumberlandCountyNC/videos",https://www.cumberlandcountync.gov/departments/commissioners-group/commissioners/meetings
Cumberland County,A.B.C. Board,,ABC Board Office Conference Room,"424 Person Street
Fayetteville, NC",35.116553,-78.798912,2nd Monday of each month,6:00 PM,,,https://www.cumberlandcountync.gov/departments/commissioners-group/commissioners/appointed-boards/board-descriptions
Cumberland County,Adult Care Home Community Advisory Committee,,Various adult care homes in Cumberland County,Various adult care homes in Cumberland County,35.05,-78.83,3rd Thursday of the last month of each quarter,1:00 PM,,,https://www.cumberlandcountync.gov/departments/commissioners-group/commissioners/appointed-boards/board-descriptions
Cumberland County,Animal Services Board,,Animal Services Department,"Animal Services Department 
4704 Corporation Drive 
Fayetteville, NC",35.05471,-78.974686,First Monday of every other month (Feb/Apr/June/Aug/Oct/Dec). No meetings held on first or last day of any month.,6:00 PM,Varies,,https://www.cumberlandcountync.gov/departments/commissioners-group/commissioners/appointed-boards/board-descriptions
Cumberland County,Board of Adjustment,,Historic Cumberland County Courthouse,"Hearing Room #3 
130 Gillespie Street 
Fayetteville, NC",35.057381,-78.885238,3rd Thursday of each month,6:00 PM,Varies,,https://www.cumberlandcountync.gov/departments/commissioners-group/commissioners/appointed-boards/board-descriptions
Cumberland County,Board of Health,,Cumberland County Health Department,"Board Room 
1235 Ramsey Street 
Fayetteville, NC",35.053678,-78.889539,3rd Tuesday of each month. July and September meetings take place only if desired.,6:00 PM,,,https://www.cumberlandcountync.gov/departments/commissioners-group/commissioners/appointed-boards/board-descriptions
Cumberland County,Cape Fear Valley Health System Board of Trustees,,Cape Fear Valley Health System,"Board Room First Floor/Administrative Area 
1638 Owen Drive
Fayetteville, NC",35.42516,-78.814741,Last Wednesday of each month except April and July; November & December meetings are combined,5:30 PM,,,https://www.cumberlandcountync.gov/departments/commissioners-group/commissioners/appointed-boards/board-descriptions
Cumberland County,Civic Center Commission,,Cumberland County Civic Center,"Crown Coliseum Board Room 
1960 Coliseum Drive 
Fayetteville, NC",35.05,-78.83,4th Tuesday of each month,5:30 PM,,,https://www.cumberlandcountync.gov/departments/commissioners-group/commissioners/appointed-boards/board-descriptions
Cumberland County,Cumberland County Cemetery Commission,,Varies,Varies,35.05,-78.83,As needed.,,,,https://www.cumberlandcountync.gov/departments/commissioners-group/commissioners/appointed-boards/board-descriptions
Cumberland County,Cumberland County Community Child Protection/Fatality Prevention Team,,Department of Social Services Building,"4th Floor, Room 440 
1225 Ramsey Street
Fayetteville, NC",34.21787,-77.925838,3rd Thursday of each month,3:00 PM,,,https://www.cumberlandcountync.gov/departments/commissioners-group/commissioners/appointed-boards/board-descriptions
Cumberland County,Cumberland County Finance Corporation,,Cumberland County Courthouse,"Room 564 
117 Dick Street 
Fayetteville, NC",35.05,-78.83,As needed.,"12:00 PM, usually",Varies,,https://www.cumberlandcountync.gov/departments/commissioners-group/commissioners/appointed-boards/board-descriptions
Cumberland County,Cumberland County Home and Community Care Block Grant Committee,,Varies,Varies,35.05,-78.83,As needed.,,,,https://www.cumberlandcountync.gov/departments/commissioners-group/commissioners/appointed-boards/board-descriptions
Cumberland County,Cumberland County Industrial Facilities and Pollution Control Financing Authority,,Cumberland County Courthouse,"Room 564 
117 Dick Street 
Fayetteville, NC",35.05,-78.83,As needed.,"12:00 PM, usually",Varies,,https://www.cumberlandcountync.gov/departments/commissioners-group/commissioners/appointed-boards/board-descriptions
Cumberland County,Cumberland County Juvenile Crime Prevention Council,,Cumberland County CommuniCare,"Lower Level Conference Room 
109 Bradford Ave 
Fayetteville, NC 28301",35.05,-78.83,2nd Wednesday of each month,1:15 PM,03:15 PM at the latest,,https://www.cumberlandcountync.gov/departments/commissioners-group/commissioners/appointed-boards/board-descriptions
Cumberland County,Cumberland County Local Emergency Planning Committee,,Varies,Varies,35.05,-78.83,Last Thursday of the first month of each quarter,10:00 AM,11:00 AM,,https://www.cumberlandcountync.gov/departments/commissioners-group/commissioners/appointed-boards/board-descriptions
Cumberland County,Cumberland County Workforce Development Board,,FTCC General Classroom Building,"Room 114
2817 Ft. Bragg Rd",35.052648,-78.890066,"3rd Tuesday of every other month, starting January",11:00 AM,,,https://www.cumberlandcountync.gov/departments/commissioners-group/commissioners/appointed-boards/board-descriptions
Cumberland County,Equalization and Review Board,,Cumberland County Courthouse,"Room 564 
117 Dick Street 
Fayetteville, NC",35.05,-78.83,2nd Wednesday of every month (except July),3:00 PM,,,https://www.cumberlandcountync.gov/departments/commissioners-group/commissioners/appointed-boards/board-descriptions
Cumberland County,Farm Advisory Board,,Historic Cumberland County Courthouse,"Room 107C 
130 Gillespie Street 
Fayetteville, NC",35.057381,-78.885238,2nd Tuesday of the first month of each quarter,7:00 PM,,,https://www.cumberlandcountync.gov/departments/commissioners-group/commissioners/appointed-boards/board-descriptions
Cumberland County,Fayetteville Area Convention and Visitors Bureau Board of Directors,,Fayetteville Area Convention and Visitors Bureau,"Board Room
245 Person Street
Fayetteville, NC",35.051411,-78.874542,4th Wednesday of the first month of each quarter,12:00 PM,,,https://www.cumberlandcountync.gov/departments/commissioners-group/commissioners/appointed-boards/board-descriptions
Cumberland County,Fayetteville Cumberland County Economic Development Corporation,,,"201 Hay Street
R. B. Williams Building Ste 401A
Fayetteville, NC",35.05,-78.83,2nd Tuesday of each month,8:00 AM,,,https://www.cumberlandcountync.gov/departments/commissioners-group/commissioners/appointed-boards/board-descriptions
Cumberland County,Fayetteville Technical Community College Board of Trustees,,Fayetteville Technical Community College,"Board Room Tony Rand Student Center 
2201 Hull Road 
Fayetteville, NC",35.069124,-78.9267805,"3rd Monday of each month except July and December, plus as called.",12:30 PM,4:30 PM,,https://www.cumberlandcountync.gov/departments/commissioners-group/commissioners/appointed-boards/board-descriptions
Cumberland County,Fayetteville-Cumberland Parks and Recreation Advisory Commission,,City of Fayetteville Parks & Recreation,"121 Lamon Street 
Fayetteville, NC",35.052576,-78.878292,1st Tuesday of each month,5:30 PM,7:00 PM,,https://www.cumberlandcountync.gov/departments/commissioners-group/commissioners/appointed-boards/board-descriptions
Cumberland County,Human Relations Commission,,Festival Park Plaza Training Room,"1st Floor
225 Ray Ave
Fayetteville, NC 28301",35.056116,-78.881839,2nd Thursday of each month,5:30 PM,,,https://www.cumberlandcountync.gov/departments/commissioners-group/commissioners/appointed-boards/board-descriptions
Cumberland County,Joint Appearance Commission,,Fayetteville City Hall,E.E. Smith Conference Room,35.053686,-78.883411,2nd Monday of each month,5:30 PM,,,https://www.cumberlandcountync.gov/departments/commissioners-group/commissioners/appointed-boards/board-descriptions
Cumberland County,Joint Fort Bragg & Cumberland County Food Policy Council,,,"1235 Ramsey Street
Fayetteville, NC",35.05,-78.83,1st Wednesday of each month,"12:00 PM on even-numbered days
05:00 PM on odd-numbered days",,,https://www.cumberlandcountync.gov/departments/commissioners-group/commissioners/appointed-boards/board-descriptions
Cumberland County,Joint Planning Board,,Historic Cumberland County Courthouse,"Hearing Room #3 
130 Gillespie Street 
Fayetteville, North Carolina",35.057381,-78.885238,3rd Tuesday of each month,6:00 PM,Varies,,https://www.cumberlandcountync.gov/departments/commissioners-group/commissioners/appointed-boards/board-descriptions
Cumberland County,Jury Commission,,Judge E. Maurice Braswell Courthouse,"117 Dick Street, 3rd floor
Fayetteville, NC",35.05,-78.83,As often as required to complete the jury list for the next year by the 30th day of November of each year.,,,,https://www.cumberlandcountync.gov/departments/commissioners-group/commissioners/appointed-boards/board-descriptions
Cumberland County,Library Board of Trustees,,Various libraries throughout the County,Various libraries throughout the County,35.148377,-78.987023,3rd Thursday of each month except December,9:05 AM,,,https://www.cumberlandcountync.gov/departments/commissioners-group/commissioners/appointed-boards/board-descriptions
Cumberland County,Mid-Carolina Aging Advisory Council,,"Various locations in the three county region (Cumberland, Harnett and Sampson counties)","Various locations in the three county region (Cumberland, Harnett and Sampson counties)",43.796655,-70.258169,1st Thursday of the last month of each quarter,2:00 PM,,,https://www.cumberlandcountync.gov/departments/commissioners-group/commissioners/appointed-boards/board-descriptions
Cumberland County,North Carolina Southeast,,,"70 West Broad Street
Elizabethtown, NC",35.05,-78.83,Quarterly,,,,https://www.cumberlandcountync.gov/departments/commissioners-group/commissioners/appointed-boards/board-descriptions
Cumberland County,Nursing Home Advisory Board,,Various nursing homes in Cumberland County,Various nursing homes in Cumberland County,35.05,-78.83,3rd Thursday of the last month of each quarter,10:00 AM,,,https://www.cumberlandcountync.gov/departments/commissioners-group/commissioners/appointed-boards/board-descriptions
Cumberland County,Senior Citizens Advisory Commission,,FCPR Senior Center,"Large Program Room
739 Blue Street
Fayetteville, NC",35.05,-78.83,2nd Tuesday of each month,2:30 PM,,,https://www.cumberlandcountync.gov/departments/commissioners-group/commissioners/appointed-boards/board-descriptions
Cumberland County,Social Services Board,,Department of Social Services,"Board Room 
1225 Ramsey Street
Fayetteville, NC",34.21787,-77.925838,Last Wednesday of each month,1:00 PM,,,https://www.cumberlandcountync.gov/departments/commissioners-group/commissioners/appointed-boards/board-descriptions
Cumberland County,Southeastern Economic Development Commission,,,"707 West Broad Street, 
Elizabethtown, NC",35.05,-78.83,"Once a year, usually April",,,,https://www.cumberlandcountync.gov/departments/commissioners-group/commissioners/appointed-boards/board-descriptions
Cumberland County,Transportation Advisory Board,,Historic Cumberland County Courthouse,"Hearing Room #3
130 Gillespie Street 
Fayetteville, NC",35.057381,-78.885238,2nd Tuesday of the first month of each quarter,10:00 AM,,,https://www.cumberlandcountync.gov/departments/commissioners-group/commissioners/appointed-boards/board-descriptions
Davidson County,Board of Elections,,Board of Commissioners Meeting Room,"Davidson County Government Center 4th Floor
913 Greensboro Street
Lexington, NC 27292",35.840107,-80.283876,A few times a month,6:00 PM,,,https://votedavidsoncountync.com/home-page
Davidson County,Board of Health,,Health Department,"915 Greensboro Street
Lexington, NC  27292",35.919706,-80.059071,1st Tuesday of every other month,,,,https://www.co.davidson.nc.us/467/Board-of-Health
Davidson County,Social Services Board,,,"Davidson County Governmental Center - 1st Floor
913 Greensboro Street
Lexington, NC  27292",35.79,-80.21,4th Tuesday each month except December,4:15 PM,6:00 PM,,https://www.co.davidson.nc.us/690/Social-Services-Board-Information
Davidson County,Soil & Water Convservation District Board,,,,35.79,-80.21,2nd Thursday of each month,,,,
Forsyth County,Adult Care Home Community Advisory Committee,,Piedmont Triad Regional Council,"1398 Carrollton Crossing Dr.
Kernersville, NC 27284",36.13,-80.26,1st Wednesday of Mar./June/Sep./Dec.,1:00 PM,,Some Forsyth County meetings are streamed at https://vimeo.com/forsythcountync,https://forsyth.cc/Commissioners/volunteer_boards.aspx?ItemID=2
Forsyth County,Animal Services Advisory Board,,Forsyth County Animal Shelter,"5570 Sturmer Park Circle
Winston-Salem, NC 27105",36.171736,-80.280823,3rd Thursday of each month,6:00 PM,,Some Forsyth County meetings are streamed at https://vimeo.com/forsythcountync,https://forsyth.cc/Commissioners/volunteer_boards.aspx?ItemID=75
Forsyth County,"Appearance Commission, Winston-Salem/Forsyth County",,"Bryce A. Stuart Municipal Building, City-County Planning Board Conference Room","100 East First Street, Winston-Salem",36.094755,-80.243258,4th Wednesday of each month,4:00 PM,,Some Forsyth County meetings are streamed at https://vimeo.com/forsythcountync,https://forsyth.cc/Commissioners/volunteer_boards.aspx?ItemID=5
Forsyth County,Community Child Protection Team/Child Fatality Prevention Team,,Forsyth County Public Health Boardroom,"799 Highland Avenue
Winston-Salem, NC",36.103926,-80.232435,4th Wednesday of each quarter,8:15 AM,,Some Forsyth County meetings are streamed at https://vimeo.com/forsythcountync,https://forsyth.cc/Commissioners/volunteer_boards.aspx?ItemID=43
Forsyth County,Environmental Assistance and Protection Board,,Equalization and Review Board Room,"Forsyth County Government Center, 1st Floor
201 North Chestnut Street
Winston-Salem, NC",36.13,-80.26,"As called, typically once a quarter",10:00 AM,12:00 PM,Some Forsyth County meetings are streamed at https://vimeo.com/forsythcountync,https://forsyth.cc/Commissioners/volunteer_boards.aspx?ItemID=13
Forsyth County,Experiment in Self-Reliance,,,1621 East Third Street,36.13,-80.26,1st Wednesday of September-June,12:00 PM,,Some Forsyth County meetings are streamed at https://vimeo.com/forsythcountync,https://forsyth.cc/Commissioners/volunteer_boards.aspx?ItemID=15
Forsyth County,Forsyth County Health and Human Services Board,,Forsyth County Public Health Department,799 North Highland Avenue,36.109755,-80.0999,1st Wednesday of each month,5:30 PM,,Some Forsyth County meetings are streamed at https://vimeo.com/forsythcountync,https://forsyth.cc/Commissioners/volunteer_boards.aspx?ItemID=87
Forsyth County,Forsyth County Historic Resources Commission,,5th Floor Public Meeting Room,"City Hall South
100 East First Street, Winston-Salem",36.064662,-80.2593,1st Wednesday of each month,4:00 PM,,Some Forsyth County meetings are streamed at https://vimeo.com/forsythcountync,https://forsyth.cc/Commissioners/volunteer_boards.aspx?ItemID=44
Forsyth County,Library Board,,Central Library (may vary),,36.13,-80.26,2nd or 3rd Wednesday of Jan./Mar./May/Sep./Nov.,7:00 PM,,Some Forsyth County meetings are streamed at https://vimeo.com/forsythcountync,https://forsyth.cc/Commissioners/volunteer_boards.aspx?ItemID=23
Forsyth County,"Nursing Home Community Advisory Committee, Forsyth County",,Polo Park Recreational Center,"1850 Polo Rd
Winston-Salem, NC 27106",36.13,-80.26,"3rd Monday of March, June, September, December",6:30 PM,,Some Forsyth County meetings are streamed at https://vimeo.com/forsythcountync,https://forsyth.cc/Commissioners/volunteer_boards.aspx?ItemID=26
Forsyth County,Piedmont Triad Regional Workforce Development Board,,Piedmont Triad Regional Council,"1398 Carrollton Crossing Dr.
Kernersville, NC 27284",36.13,-80.26,"3rd Wednesday of February, April, June, August, September, and October",8:30 AM,9:30 AM,Some Forsyth County meetings are streamed at https://vimeo.com/forsythcountync,https://forsyth.cc/Commissioners/volunteer_boards.aspx?ItemID=86
Forsyth County,Planning Board (City/County),,"Bryce A. Stuart Municipal Building, 5th floor public meeting room","100 E. First Street, Winston-Salem",36.094755,-80.243258,2nd Thursday of each month,4:30 PM,,Some Forsyth County meetings are streamed at https://vimeo.com/forsythcountync,https://forsyth.cc/Commissioners/volunteer_boards.aspx?ItemID=29
Forsyth County,"Planning Board, Kernersville",,Kernersville District Court Room,,36.119859,-80.073653,2nd Monday of each month,7:00 PM,,Some Forsyth County meetings are streamed at https://vimeo.com/forsythcountync,https://forsyth.cc/Commissioners/volunteer_boards.aspx?ItemID=30
Forsyth County,Public Art Commission (City/County),,2nd Floor Conference Room of Bryce Stuart Building,"100 East First Street, Winston-Salem",36.13,-80.26,1st Tuesday of each month,2:00 PM,,Some Forsyth County meetings are streamed at https://vimeo.com/forsythcountync,https://forsyth.cc/Commissioners/volunteer_boards.aspx?ItemID=84
Forsyth County,Smith Reynolds Airport Board,,Terminal Building at Smith Reynolds Airport,"3801 N. Liberty St, Winston-Salem, NC 27105",36.13,-80.26,3rd Tuesday of each month,4:00 PM,,Some Forsyth County meetings are streamed at https://vimeo.com/forsythcountync,https://forsyth.cc/Commissioners/volunteer_boards.aspx?ItemID=89
Forsyth County,"Zoning Board of Adjustment, Forsyth County",,"Bryce A. Stuart Municipal Building, 5th floor public meeting room","100 E. First Street, Winston-Salem",36.094755,-80.243258,3rd Wednesday of each month,2:00 PM,,Some Forsyth County meetings are streamed at https://vimeo.com/forsythcountync,https://forsyth.cc/Commissioners/volunteer_boards.aspx?ItemID=39
Forsyth County,"Zoning Board of Adjustment, Kernersville",,Kernersville District Court Room,,36.119859,-80.073653,3rd Monday of each month,7:00 PM,,Some Forsyth County meetings are streamed at https://vimeo.com/forsythcountync,https://forsyth.cc/Commissioners/volunteer_boards.aspx?ItemID=40
Forsyth County,"Zoning Board of Adjustment, Winston-Salem",,"Bryce A. Stuart Municipal Building, 5th floor public meeting room","100 E. First Street, Winston-Salem",36.094755,-80.243258,1st Thursday of each month,2:00 PM,,Some Forsyth County meetings are streamed at https://vimeo.com/forsythcountync,https://forsyth.cc/Commissioners/volunteer_boards.aspx?ItemID=41
Alamance County,Adult Care Home Community Advisory Committee,,JR Kernodle Senior Center,"Kernodle Senior Center, 1535 S Mebane St, Burlington, North Carolina 27215, United States",36.080331,-79.451938,2:00 p.m. the third Tuesday of each quarter,,,,"Tracy Warner, Ombudsman, (336) 904-0300"
Alamance County,Alamance County Senior Services Committee,,J. R. Kernodle Senior Center,"Kernodle Senior Center, 1535 S Mebane St, Burlington, North Carolina 27215, United States",36.080331,-79.451938,8:30 a.m. the second Tuesday of each month,,,,Crystal Norman  (336) 904-0300
Alamance County,Board of Health,,Alamance NC,"Alamance, North Carolina, United States",36.035136,-79.485855,,,,,https://www.alamance-nc.com/boardscommittees/boards-and-committees/human-services/board-of-health/
Alamance County,Nursing Home Community Advisory Committee,,J.R. Kernodle Senior Center,"Kernodle Senior Center, 1535 S Mebane St, Burlington, North Carolina 27215, United States",36.080331,-79.451938,9:30 a.m. the first Thursday of each quarter,,,,"Tracy Warner, Ombudsman, (336) 904-0300"
Alamance County,Social Services Board,,Alamance NC,"Alamance, North Carolina, United States",36.035136,-79.485855,,,,,https://www.alamance-nc.com/boardscommittees/boards-and-committees/human-services/social-services-board/
Alamance County,Workforce Development Board,,"Rotate at Alamance, Orange, or Randolph County","Randolph County, North Carolina, United States",35.71,-79.81,11:00 a.m. the 3rd Thursday in the 1st month of each quarter,,,,Tammy Wall 336-629-5141
Alamance County,Animal Review Board,,,"Alamance, North Carolina, United States",36.035136,-79.485855,As called,,,,Sheriff Terry Johnson  336-570-6300
Alamance County,Jury Commission,,,"Alamance, North Carolina, United States",36.035136,-79.485855,September and October as needed,,,,"Meredith Edwards, Clerk of Court 336-570-5200"
Alamance County,Justice Advisory Council,,Alamance NC,"Alamance, North Carolina, United States",36.035136,-79.485855,,,,,https://www.alamance-nc.com/boardscommittees/boards-and-committees/public-safety/justice-advisory-council/
Alamance County,Juvenile Crime Prevention Council,,Alamance NC,"Alamance, North Carolina, United States",36.035136,-79.485855,,,,,https://www.alamance-nc.com/boardscommittees/boards-and-committees/public-safety/juvenile-crime-prevention-council/
Alamance County,LEPC,,Alamance NC,"Alamance, North Carolina, United States",36.035136,-79.485855,,,,,https://www.alamance-nc.com/boardscommittees/boards-and-committees/public-safety/local-emergency-planning-committee-lepc-for-hazardous-chemicals/
Alamance County,Alamance County Board of Adjustment,,Commissioners’ Room,"Country Inn & Suites by Radisson, 3211 Wilson Dr, Burlington, North Carolina 27215, United States",36.068022,-79.502324,7:00 p.m. the first Monday of the month when required,,,,Tonya Caddle 336-570-4052
Alamance County,Alamance County Planning Board,,Alamance NC,"Alamance, North Carolina, United States",36.035136,-79.485855,,,,,https://www.alamance-nc.com/boardscommittees/boards-and-committees/planning-and-taxation/alamance-county-planning-board/
Alamance County,Board of Equalization and Review,,Commissioners’ Meeting Room,"Raleigh Marriott Crabtree Valley, 4500 Marriott Drive, Raleigh, North Carolina 27612, United States",35.842902,-78.678044,As called,,,,"Jeremy Akins, Tax Administrator         336-228-1312"
Alamance County,Burlington Board of Adjustment,,Burlington City Council Chambers,"Burlington, North Carolina, United States",36.095692,-79.437799,8:30 a.m. the second Tuesday of each month,,,,Conrad Olmedo 336-513-5416
Alamance County,Burlington Planning and Zoning Commission,,"Burlington Municipal Building, Room 202","Alamance Rd, Burlington, North Carolina 27215, United States",36.06594,-79.45431,7:00 p.m. the fourth Monday of each month,,,,Conrad Olmedo 336-513-5416
Alamance County,Elon Planning and Zoning Commission,,Elon Town Hall,"Elon, North Carolina, United States",36.102913,-79.50669,7:00 p.m. the third Tuesday of each month,,,,"DiAnne Enoch, Clerk  336-584-3601"
Alamance County,Gibsonville Board of Adjustment,,Gibsonville Town Hall,"Gibsonville Town Hall, Gibsonville, North Carolina 27249, United States",36.106198,-79.543097,7:00 p.m. as called,,,,"Ben Baxley, Town Manager   336-449-4144"
Alamance County,Gibsonville Planning Board,,Gibsonville Town Hall,"Gibsonville Town Hall, Gibsonville, North Carolina 27249, United States",36.106198,-79.543097,7:00 p.m. the third Thursday of each month,,,,"Ben Baxley, Town Manager   336-449-4144"
Alamance County,Graham Board of Adjustment,,,"Alamance, North Carolina, United States",36.035136,-79.485855,As called,,,,Justin Snyder 336-570-6700
Alamance County,Graham Planning Board,,Council Chambers of Graham Municipal Building,"Graham, North Carolina, United States",36.069026,-79.400576,Third Tuesday of each month,,,,Justin Snyder 336-570-6700
Alamance County,Haw River Board of Adjustment,,Haw River Municipal Building,"Haw River, North Carolina, United States",36.091526,-79.364186,7:00 p.m. the first Tuesday of each month,,,,"Sean Tencer, Town Manager       336-578-0784"
Alamance County,Haw River Planning and Zoning Commission,,Haw River Municipal Building,"Haw River, North Carolina, United States",36.091526,-79.364186,7:00 p.m. the first Tuesday of each month,,,,"Sean Tencer, Town Manager       336-578-0784"
Alamance County,Historic Properties Commission,,Alamance NC,"Alamance, North Carolina, United States",36.035136,-79.485855,,,,,https://www.alamance-nc.com/boardscommittees/boards-and-committees/planning-and-taxation/historic-properties-commission/
Alamance County,Mebane Board of Adjustment,,"Mebane Municipal Building, City Council Chambers","Mebane, North Carolina, United States",36.095972,-79.266962,6:00 p.m. the first Monday of each month,,,,919-563-9990
Alamance County,Mebane Planning Board,,"Mebane Municipal Building, City Council Chambers","Mebane, North Carolina, United States",36.095972,-79.266962,6:30 p.m. the second Monday of each month,,,,919-563-9990
Alamance County,Village of Alamance Board of Adjustment,,Village of Alamance Town Hall,"Alamance, North Carolina, United States",36.035136,-79.485855,As called,,,,"Ben York, Clerk          336-226-0033"
Alamance County,Village of Alamance Planning Board,,Village of Alamance Town Hall,"Alamance, North Carolina, United States",36.035136,-79.485855,As called,,,,"Ben York, Clerk          336-226-0033"
Alamance County,Agricultural Advisory Board / Farmland Preservation,,Agricultural Building Auditorium,"La Cocina, 309 Huffman Mill Rd, Burlington, North Carolina 27215, United States",36.077676,-79.487215,12:00 p.m. the first Wednesday of each quarter,,,,Brad Moore     336-290-0380
Alamance County,Alamance Beautiful Commission,,Agricultural Extension Center,"Center Road, Haw River, North Carolina 27258, United States",36.11158,-79.355225,12:15 p.m. the fourth Tuesday except July and December,,,,
Alamance County,Alamance Community College Board of Trustees,,"Alamance Community College, Wallace Gee Bldg.","Alamance Community College, 1247 Jimmie Kerr Rd, Graham, North Carolina 27253, United States",36.0652275,-79.35742400000001,6:00 p.m. the second Monday of the month except July & Dec.,,,,"Dr. Algie C. Gatewood, President   336-506-4150"
Alamance County,Alamance County Transportation Authority,,ACTA Office,"Lil Donnie Walkers Car Wash, 3804 S Mebane St, Burlington, North Carolina 27215, United States",36.077891,-79.484225,4:00 p.m. the third Wednesday of each month,,,,Peter Murphy 336-222-0565
Alamance County,Burlington-Alamance Airport Authority,,Airport Terminal Building,"Burlington-Alamance Regional Airport, 3441 N Aviation Dr, Burlington, North Carolina 27215, United States",36.048977,-79.476222,12:00 p.m. the third Wednesday of each month,,,,"Dan Danieley, Executive Director      336-227-0771"
Alamance County,Library Committee,,One of the four libraries,"Durham County Library - South Regional, 4505 S Alston Ave, Durham, North Carolina 27713, United States",35.9023,-78.888448,Alternates meeting times between 12:30 p.m. and 6:30pm four times a year,,,,"Susana Goldman, Director of Alamance County Public Libraries 336-229-3588"
Alamance County,Public Transit Advisory Commission (PTAC),,Alamance NC,"Alamance, North Carolina, United States",36.035136,-79.485855,,,,,https://www.alamance-nc.com/boardscommittees/boards-and-committees/other-boards-and-committees/public-transit-advisory-commission-ptac/
Alamance County,Recreation and Parks Commission,,Alamance NC,"Alamance, North Carolina, United States",36.035136,-79.485855,,,,,https://www.alamance-nc.com/boardscommittees/boards-and-committees/other-boards-and-committees/recreation-and-parks-commission/
Alamance County,Tourism Development Authority,,Alamance NC,"Alamance, North Carolina, United States",36.035136,-79.485855,10:30 a.m. on the fourth Tuesday of every month.,,,,"Grace VandeViser, Executive Director (336) 570-1444"
Alamance County,Veterans Service Committee,,Veterans Service Office,"TS Designs, 2053 Willow Spring Ln, Burlington, North Carolina 27215, United States",36.049856,-79.486391,As called,,,,"Tammy Crawford, Veterans Service Officer         336-570-6763"
Cumberland County,A.B.C. Board,,"ABC Board Office Conference Room 
424 Person Street
Fayetteville, NC","424 Person Street, Fayetteville, North Carolina 28301, United States",35.049355,-78.870995,Second Monday of each month at 6:00 p.m. The average length of a meeting is approximately two hours.,,,,https://www.cumberlandcountync.gov/departments/commissioners-group/commissioners/appointed-boards/board-descriptions
Cumberland County,Adult Care Home Community Advisory Committee,,Various adult care homes in Cumberland County,"Cumberland County, North Carolina, United States",35.05,-78.83,Third Thursday of the last month of each quarter at 1:00 p.m. There is an initial training period of 15 hours to include study of a committee handbook and orientation visits to long-term care facilities. Additional training of 10 hours per year is required. Visits in the assigned facilities are of the utmost importance in the participation on this committee. A commitment of at least one day per quarter to visit facilities and 4 hours per quarter for business and training meetings.,,,,https://www.cumberlandcountync.gov/departments/commissioners-group/commissioners/appointed-boards/board-descriptions
Cumberland County,Animal Services Board,,"Animal Services Department 
4704 Corporation Drive 
Fayetteville, NC","4704 Corporation Drive, Fayetteville, North Carolina 28306, United States",34.955995,-78.889975,First Monday of every other month (Feb./Apr./June/Aug./Oct./Dec.) at 6:00 p.m. (No meetings held on first or last day of any month.) The average length of a meeting varies.,,,,https://www.cumberlandcountync.gov/departments/commissioners-group/commissioners/appointed-boards/board-descriptions
Cumberland County,Board of Adjustment,,"Historic Cumberland County Courthouse, Hearing Room #3 
130 Gillespie Street 
Fayetteville, NC","130 Gillespie Street, Fayetteville, North Carolina 28301, United States",35.051535,-78.87914,Third Thursday of each month at 6:00 p.m. The average length of a meeting varies. Each member spends approximately three hours per month in service to this board.,,,,https://www.cumberlandcountync.gov/departments/commissioners-group/commissioners/appointed-boards/board-descriptions
Cumberland County,Board of Health,,"Cumberland County Health Department 
Board Room 
1235 Ramsey Street 
Fayetteville, NC","1235 Ramsey Street, Fayetteville, North Carolina 28301, United States",35.07386,-78.88205,Third Tuesday of each month at 6:00 p.m. July and September meetings take place only if desired.,,,,https://www.cumberlandcountync.gov/departments/commissioners-group/commissioners/appointed-boards/board-descriptions
Cumberland County,Cape Fear Valley Health System Board of Trustees,,"Cape Fear Valley Health System 
Board Room First Floor/Administrative Area 
1638 Owen Drive
Fayetteville, NC","Cape Fear, North Carolina, United States",35.42516,-78.814741,Last Wednesday of each month at 5:30 p.m. (No April or July Meeting; November & December meeting combined),,,,https://www.cumberlandcountync.gov/departments/commissioners-group/commissioners/appointed-boards/board-descriptions
Cumberland County,Civic Center Commission,,"Cumberland County Civic Center 
Crown Coliseum Board Room 
1960 Coliseum Drive 
Fayetteville, NC","Cumberland County, North Carolina, United States",35.05,-78.83,"Fourth Tuesday of each month at 5:30 p.m. The Board is also divided into three subcommittees that meet on a monthly basis: Finance Committee, Capital Improvements Committee, and Marketing and Sales Committee.",,,,https://www.cumberlandcountync.gov/departments/commissioners-group/commissioners/appointed-boards/board-descriptions
Cumberland County,Cumberland County Cemetery Commission,,As called,"Cumberland Street, Newport, North Carolina 28570, United States",34.71181,-76.98508,Meets on an as-needed basis,,,,https://www.cumberlandcountync.gov/departments/commissioners-group/commissioners/appointed-boards/board-descriptions
Cumberland County,Cumberland County Community Child Protection/Fatality Prevention Team,,"Department of Social Services Building
4th Floor, Room 440 
1225 Ramsey Street
Fayetteville, NC","1225 Ramsey Street, Fayetteville, North Carolina 28301, United States",35.07162,-78.88209,Third Thursday of each month at 3:00 p.m.,,,,https://www.cumberlandcountync.gov/departments/commissioners-group/commissioners/appointed-boards/board-descriptions
Cumberland County,Cumberland County Finance Corporation,,"Cumberland County Courthouse, Room 564 
117 Dick Street 
Fayetteville, NC","117 Dick Street, Fayetteville, North Carolina 28301, United States",35.0509,-78.87624,Meetings are held on an as needed basis usually at 12:00 p.m. The length of the meetings varies.,,,,https://www.cumberlandcountync.gov/departments/commissioners-group/commissioners/appointed-boards/board-descriptions
Cumberland County,Cumberland County Home and Community Care Block Grant Committee,,Various service provider locations within Cumberland County,"CenturyLink, 717 Mcgilvary St, Fayetteville, North Carolina 28301, United States",35.052648,-78.890066,Meets as needed.,,,,https://www.cumberlandcountync.gov/departments/commissioners-group/commissioners/appointed-boards/board-descriptions
Cumberland County,Cumberland County Industrial Facilities and Pollution Control Financing Authority,,"Cumberland County Courthouse, 
Room 564 
117 Dick Street 
Fayetteville, NC","117 Dick Street, Fayetteville, North Carolina 28301, United States",35.0509,-78.87624,Meetings are held on an as needed basis usually at 12:00 PM. The length of the meetings varies.,,,,https://www.cumberlandcountync.gov/departments/commissioners-group/commissioners/appointed-boards/board-descriptions
Cumberland County,Cumberland County Juvenile Crime Prevention Council,,"Cumberland County CommuniCare, 
Lower Level Conference Room 
109 Bradford Ave 
Fayetteville, NC 28301","109 Bradford Avenue, Fayetteville, North Carolina 28301, United States",35.055465,-78.89155,Second Wednesday of each month at 1:15 p.m. Meetings are normally one to two hours in length.,,,,https://www.cumberlandcountync.gov/departments/commissioners-group/commissioners/appointed-boards/board-descriptions
Cumberland County,Cumberland County Local Emergency Planning Committee,,Rotating Locations,"Cumberland Street, Newport, North Carolina 28570, United States",34.71181,-76.98508,"On the last Thursday of the first month of each quarter at 10:00 a.m. Members are also required to attend and work with the subcommittee they are assigned to. The meetings generally last approximately one hour. The time required for the subcommittee would vary depending on the nature of the subcommittee (i.e., Membership, Resources, Exercise, Planning, etc.)",,,,https://www.cumberlandcountync.gov/departments/commissioners-group/commissioners/appointed-boards/board-descriptions
Cumberland County,Cumberland County Workforce Development Board,,"FTCC General Classroom Building
Room 114
2817 Ft. Bragg Rd","2817 Fort Bragg Road, Fayetteville, North Carolina 28303, United States",35.07065,-78.92591,Third Tuesday of every other month at 11:00 a.m. (starting in January),,,,https://www.cumberlandcountync.gov/departments/commissioners-group/commissioners/appointed-boards/board-descriptions
Cumberland County,Equalization and Review Board,,"Cumberland County Courthouse, 
Room 564 
117 Dick Street 
Fayetteville, NC","117 Dick Street, Fayetteville, North Carolina 28301, United States",35.0509,-78.87624,"2nd Wednesday of every month (except July) at 3:00 p.m. The Regular Board of Equalization and Review holds its first meeting each year no earlier than the first Monday in April and no later than the first Monday in May. In a year in which a countywide reappraisal (revaluation) is not conducted, the Board must complete its duties on or before the third Monday after they begin their duties, unless in its opinion a longer period is required. However, in no event may they sit longer than July 1st. In a year in which a revaluation is conducted, the Board may sit until December 31st.",,,,https://www.cumberlandcountync.gov/departments/commissioners-group/commissioners/appointed-boards/board-descriptions
Cumberland County,Farm Advisory Board,,"Historic Cumberland County Courthouse, 
Room 107C 
130 Gillespie Street 
Fayetteville, NC","130 Gillespie Street, Fayetteville, North Carolina 28301, United States",35.051535,-78.87914,Quarterly - second Tuesday of the first month at 7:00 p.m.,,,,https://www.cumberlandcountync.gov/departments/commissioners-group/commissioners/appointed-boards/board-descriptions
Cumberland County,Fayetteville Area Convention and Visitors Bureau Board of Directors,,"Fayetteville Area Convention and Visitors Bureau 
Board Room
245 Person Street

Fayetteville, NC","Fayetteville Area Convention and Visitors Bureau, 245 Person St, Fayetteville, North Carolina 28301, United States",35.051411,-78.874542,Quarterly on 4th Wednesday (starting in January) at 12:00 p.m.,,,,https://www.cumberlandcountync.gov/departments/commissioners-group/commissioners/appointed-boards/board-descriptions
Cumberland County,Fayetteville Cumberland County Economic Development Corporation,,"201 Hay Street
R. B. Williams Building Ste 401A
Fayetteville, NC","Fayetteville, North Carolina, United States",35.052576,-78.878292,Second Tuesday of each month at 8:00 a.m.,,,,https://www.cumberlandcountync.gov/departments/commissioners-group/commissioners/appointed-boards/board-descriptions
Cumberland County,Fayetteville Technical Community College Board of Trustees,,"Fayetteville Technical Community College, 
Board Room Tony Rand Student Center 
2201 Hull Road 
Fayetteville, NC","Fayetteville, North Carolina, United States",35.052576,-78.878292,"The third Monday of each month at 12:30 p.m. No meetings in July and December. The maximum time per meeting would be four hours which includes committee meetings and lunch. Called meetings do occur occasionally and trustees are encouraged to attend some organizational meetings out of town or out of state. The Board is also divided into five sub committees that meet on the third Monday of each month prior to the 12:45 PM, Board Meeting, except July and December: (1) Finance Committee; (2) Human Resources Committee; (3) Building and Grounds Committee; and (4) Curriculum Committee; and (5) Planning Committee.",,,,https://www.cumberlandcountync.gov/departments/commissioners-group/commissioners/appointed-boards/board-descriptions
Cumberland County,Fayetteville-Cumberland Parks and Recreation Advisory Commission,,"City of Fayetteville Parks & Recreation
121 Lamon Street 
Fayetteville, NC","121 Lamon Street, Fayetteville, North Carolina 28301, United States",35.05929,-78.87519,1st Tuesday of every month at 5:30 p.m. Meetings last one to one and one-half hours with occasional committee meetings as needed.,,,,https://www.cumberlandcountync.gov/departments/commissioners-group/commissioners/appointed-boards/board-descriptions
Cumberland County,Human Relations Commission,,"Festival Park Plaza Training Room 1st Floor
225 Ray Ave
Fayetteville, NC 28301","225 Ray Avenue, Fayetteville, North Carolina 28301, United States",35.05583,-78.88183,Second Thursday of every month at 5:30 p.m.,,,,https://www.cumberlandcountync.gov/departments/commissioners-group/commissioners/appointed-boards/board-descriptions
Cumberland County,Joint Appearance Commission,,"Fayetteville City Hall
E.E. Smith Conference Room","Fayetteville, North Carolina, United States",35.052576,-78.878292,Second Monday of the month at 5:30 p.m.,,,,https://www.cumberlandcountync.gov/departments/commissioners-group/commissioners/appointed-boards/board-descriptions
Cumberland County,Joint Fort Bragg & Cumberland County Food Policy Council,,"1235 Ramsey Street, Fayetteville, NC","1235 Ramsey Street, Fayetteville, North Carolina 28301, United States",35.07386,-78.88205,"First Wednesday of Each Month 

    Odd numbered days @ 5 p.m.
    Even numbered days @ 12 p.m.",,,,https://www.cumberlandcountync.gov/departments/commissioners-group/commissioners/appointed-boards/board-descriptions
Cumberland County,Joint Planning Board,,"Historic Cumberland County Courthouse
Hearing Room #3 
130 Gillespie Street 
Fayetteville, North Carolina","130 Gillespie Street, Fayetteville, North Carolina 28301, United States",35.051535,-78.87914,"Third Tuesday of each month at 6:00 p.m. Meetings vary in length. Members also serve on sub-committees (Administrative, Comprehensive Planning, Codes and Nominating). These sub-committees meet on an as-needed basis. In addition, time is spent outside of the meetings to review various documents and plans on which the Board is required to vote.",,,,https://www.cumberlandcountync.gov/departments/commissioners-group/commissioners/appointed-boards/board-descriptions
Cumberland County,Jury Commission,,"Judge E. Maurice Braswell Courthouse 
3rd Floor 
117 Dick Street, Fayetteville","Fayetteville, North Carolina, United States",35.052576,-78.878292,The Jury Commission meets at least twice a year. The Commission is responsible to meet as often as required to complete the jury list for the next year by the 30th day of November of each year. The amount of time required for each meeting and the number of meetings required is determined by the Commission and dictated by the procedures that the Commission chooses to prepare the Master List.,,,,https://www.cumberlandcountync.gov/departments/commissioners-group/commissioners/appointed-boards/board-descriptions
Cumberland County,Library Board of Trustees,,Various libraries throughout the County,"The Country, Burlington, North Carolina, United States",36.046247,-79.5178,Third Thursday of each month at 9:05 a.m. (except for December). The approximate amount of time a Library Trustee would devote to the Board each month is two hours for meeting attendance with variable preparation and follow-up time. Periodic committee meeting attendance may be required. Trustee committees are: By-Laws (on call) and Nominating (on call).,,,,https://www.cumberlandcountync.gov/departments/commissioners-group/commissioners/appointed-boards/board-descriptions
Cumberland County,Mid-Carolina Aging Advisory Council,,"Various locations in the three county region (Cumberland, Harnett and Sampson counties)","Sampson County, North Carolina, United States",34.99,-78.37,First Thursday of the last month of each quarter at 2:00 p.m. Length of meetings varies.,,,,https://www.cumberlandcountync.gov/departments/commissioners-group/commissioners/appointed-boards/board-descriptions
Cumberland County,North Carolina Southeast,,"70 West Broad Street, Elizabethtown, NC","70 West Broad Street, Elizabethtown, North Carolina 28337, United States",34.628959,-78.605956,Quarterly,,,,https://www.cumberlandcountync.gov/departments/commissioners-group/commissioners/appointed-boards/board-descriptions
Cumberland County,Nursing Home Advisory Board,,Various nursing homes in Cumberland County,"Cumberland County, North Carolina, United States",35.05,-78.83,Third Thursday of the last month of each quarter at 10:00 a.m. There is an initial training period of 15 hours to include study of a committee handbook and orientation visits to long-term care facilities. Additional training of 10 hours per year is required. Visits in the assigned facilities are of the utmost importance in the participation on this committee. A commitment of at least one day per quarter to visit facilities and 4 hours per quarter for business and training meetings.,,,,https://www.cumberlandcountync.gov/departments/commissioners-group/commissioners/appointed-boards/board-descriptions
Cumberland County,Senior Citizens Advisory Commission,,"FCPR Senior Center, Large Program Room
739 Blue Street
Fayetteville, NC","739 Blue Street, Fayetteville, North Carolina 28301, United States",35.06403,-78.89218,Second Tuesday of each month at 2:30 p.m.,,,,https://www.cumberlandcountync.gov/departments/commissioners-group/commissioners/appointed-boards/board-descriptions
Cumberland County,Social Services Board,,"Department of Social Services, 
Board Room 
1225 Ramsey Street
Fayetteville, NC","1225 Ramsey Street, Fayetteville, North Carolina 28301, United States",35.07162,-78.88209,Last Wednesday of each month at 1:00 p.m.,,,,https://www.cumberlandcountync.gov/departments/commissioners-group/commissioners/appointed-boards/board-descriptions
Cumberland County,Southeastern Economic Development Commission,,"707 West Broad Street, 
Elizabethtown, NC","707 West Broad Street, Elizabethtown, North Carolina 28337, United States",34.631128,-78.613504,Full Board meets one time annually - Usually in April,,,,https://www.cumberlandcountync.gov/departments/commissioners-group/commissioners/appointed-boards/board-descriptions
Cumberland County,Transportation Advisory Board,,"Historic Cumberland County Courthouse 
Hearing Room #3
130 Gillespie Street 
Fayetteville, NC","130 Gillespie Street, Fayetteville, North Carolina 28301, United States",35.051535,-78.87914,"The second Tuesday of the first month in the quarter, (January, April, July, and October) at 10:00 a.m.",,,,https://www.cumberlandcountync.gov/departments/commissioners-group/commissioners/appointed-boards/board-descriptions
New Hannover County,Board of Commissioners Agenda Review,,"NHC Government Center - Conference Room 601 @ 230 Government Center Dr, Wilmington, NC 28403, USA","230 Government Center Drive, Wilmington, North Carolina 28403, United States",34.2416,-77.868156,2022-11-10T16:00:00,,,,https://commissioners.nhcgov.com/event/board-of-commissioners-agenda-review-84/
New Hannover County,Board of Commissioners Regular Meeting,,"NHC Courthouse - Room 301 @ 24 N 3rd St, Wilmington, NC 28401, USA","24 North 3rd Street, Wilmington, North Carolina 28401, United States",34.23618,-77.945692,2022-11-14T16:00:00,,,,https://commissioners.nhcgov.com/event/board-of-commissioners-regular-meeting-162/
New Hannover County,Board of Commissioners Agenda Review,,"NHC Government Center - Conference Room 601 @ 230 Government Center Dr, Wilmington, NC 28403, USA","230 Government Center Drive, Wilmington, North Carolina 28403, United States",34.2416,-77.868156,2022-12-01T16:00:00,,,,https://commissioners.nhcgov.com/event/board-of-commissioners-agenda-review-85/
New Hannover County,Board of Commissioners Regular Meeting,,"NHC Courthouse - Room 301 @ 24 N 3rd St, Wilmington, NC 28401, USA","24 North 3rd Street, Wilmington, North Carolina 28401, United States",34.23618,-77.945692,2022-12-05T16:00:00,,,,https://commissioners.nhcgov.com/event/board-of-commissioners-regular-meeting-163/
Avery County,Veterans Day - County Offices Closed,,VEVENT,"Avery Street, Morehead City, North Carolina 28557, United States",34.7253,-76.72044,11/11/2022 12:00:00 AM America/New_York,,,,
Avery County,Thanksgiving Holiday - County Offices Closed,,VEVENT,"Avery Street, Morehead City, North Carolina 28557, United States",34.7253,-76.72044,11/24/2022 12:00:00 AM America/New_York,,,,
Avery County,Christmas Holiday - County Offices Closed,,VEVENT,"Avery Street, Morehead City, North Carolina 28557, United States",34.7253,-76.72044,12/23/2022 12:00:00 AM America/New_York,,,,
Avery County,Christmas Holiday - County Offices Closed,,VEVENT,"Avery Street, Morehead City, North Carolina 28557, United States",34.7253,-76.72044,12/26/2022 12:00:00 AM America/New_York,,,,
Orange County,Adult Care Home Community Advisory Committee,,Seymour Center,"Orange, North Carolina, United States",35.129611,-78.522231,4:00 pm - 5:30 pm First Tuesday of every month,,,,https://www4.orangecountync.gov/boards/indivbd.asp?BoardID=47
Orange County,Advisory Board on Aging,,Passmore Center & Seymour Center (altnernating),"North Carolina, United States",35.5568849207634,-79.3896838690365,1:00 pm Second Tuesday of every month,,,,https://www4.orangecountync.gov/boards/indivbd.asp?BoardID=34
Orange County,Affordable Housing Advisory Board,,,"Orange, North Carolina, United States",35.129611,-78.522231,6:00 pm Second Tuesday of every month,,,,https://www4.orangecountync.gov/boards/indivbd.asp?BoardID=990744288
Orange County,Agricultural Preservation Board,,Bonnie B. Davis Environment & Agricultural Center,"Davis, North Carolina, United States",34.797385,-76.460199,"6:30 pm (winter) 7:30 pm (spring, summer, fall) Third Wednesday of every other month",,,,https://www4.orangecountync.gov/boards/indivbd.asp?BoardID=25
Orange County,Alcoholic Beverage Control Board,,"601 Valley Forge Road, Hillsborough","601 Valley Forge Road, Hillsborough, North Carolina 27278, United States",36.063205,-79.087285,8:30 am Third Tuesday of every month,,,,https://www4.orangecountync.gov/boards/indivbd.asp?BoardID=38
Orange County,Animal Services Advisory Board,,Community Room of the Animal Services Facility,"I-73 S/ US Hwy 220 Rest Stop, I-73 South, Seagrove, North Carolina 27341, United States",35.513108,-79.784458,6:30 pm Third Wednesday of every month,,,,https://www4.orangecountync.gov/boards/indivbd.asp?BoardID=1258144669
Orange County,Animal Services Hearing Panel Pool,,TBD,"Orange, North Carolina, United States",35.129611,-78.522231,As Needed As Needed,,,,https://www4.orangecountync.gov/boards/indivbd.asp?BoardID=1258144711
Orange County,Arts Commission,,Alternating,"Orange, North Carolina, United States",35.129611,-78.522231,6:00 pm Second Monday of every month,,,,https://www4.orangecountync.gov/boards/indivbd.asp?BoardID=49
Orange County,Board of Equalization and Review (REQUIRES DISCLOSURE STATEMENT),,TBD,"Orange, North Carolina, United States",35.129611,-78.522231,As needed As needed,,,,https://www4.orangecountync.gov/boards/indivbd.asp?BoardID=52
Orange County,Board of Health,,C.H. & Hillsborough Health Depts. (alternating),"Hillsborough, North Carolina, United States",36.07523,-79.099228,7:00 pm Fourth Wednesday of every month,,,,https://www4.orangecountync.gov/boards/indivbd.asp?BoardID=7
Orange County,Board of Social Services,,Hillsborough Commons Board Room,"Hillsborough, North Carolina, United States",36.07523,-79.099228,4:00 pm Third Monday of every month,,,,https://www4.orangecountync.gov/boards/indivbd.asp?BoardID=11
Orange County,Carrboro Board of Adjustment,,Carrboro Town Hall,"Carrboro Town Hall, 301 W Main St, Carrboro, North Carolina 27510, United States",35.911409,-79.077495,7:00 pm Third Wednesday of every month,,,,https://www4.orangecountync.gov/boards/indivbd.asp?BoardID=17
Orange County,Carrboro Northern Transition Area Advisory Committee,,TBD,"Orange, North Carolina, United States",35.129611,-78.522231,Meets as called Meets as called,,,,https://www4.orangecountync.gov/boards/indivbd.asp?BoardID=64
Orange County,Carrboro Planning Board,,Carrboro Town Hall,"Carrboro Town Hall, 301 W Main St, Carrboro, North Carolina 27510, United States",35.911409,-79.077495,7:30 pm First and Third Thursday of every month,,,,https://www4.orangecountync.gov/boards/indivbd.asp?BoardID=15
Orange County,Chapel Hill Board of Adjustment,,Chapel Hill Town Hall,"Chapel Hill, North Carolina, United States",35.913154,-79.05578,7:30 pm First Wednesday of each month,,,,https://www4.orangecountync.gov/boards/indivbd.asp?BoardID=24
Orange County,Chapel Hill Library Advisory Board,,Chapel Hill Public Library Meeting Room C,"Meeting Street, Chapel Hill, North Carolina 27516, United States",35.884595,-79.0634775,"5:30 pm Second Monday in Feb, May, Sep, & Nov",,,,https://www4.orangecountync.gov/boards/indivbd.asp?BoardID=1258144701
Orange County,Chapel Hill Orange County Visitors Bureau Advisory Board,,Varies,"Orange, North Carolina, United States",35.129611,-78.522231,8:00 am Third Wednesday of every month except Jul. & Dec.,,,,https://www4.orangecountync.gov/boards/indivbd.asp?BoardID=6
Orange County,"Chapel Hill Parks, Greenways and Recreation Commission",,Chapel Hill Public Library,"Chapel Hill Public Library, 100 Library Dr, Chapel Hill, North Carolina 27514, United States",35.932167,-79.035588,7:00 pm Third Tuesday of every month,,,,https://www4.orangecountync.gov/boards/indivbd.asp?BoardID=1258144672
Orange County,Chapel Hill Planning Commission,,Chapel Hill Town Council,"Chapel Hill, North Carolina, United States",35.913154,-79.05578,7:00 pm First and third Tuesday of every month except July,,,,https://www4.orangecountync.gov/boards/indivbd.asp?BoardID=13
Orange County,Commission for the Environment,,Bonnie B. Davis Environment & Agricultural Center,"Davis, North Carolina, United States",34.797385,-76.460199,7:00 pm Second Monday of every month,,,,https://www4.orangecountync.gov/boards/indivbd.asp?BoardID=54
Orange County,Durham Technical Community College Board of Trustees,,"Lyon Board Room, Durham Tech Main Campus","Durham, North Carolina, United States",35.996653,-78.901805,3:00 pm Varies,,,,https://www4.orangecountync.gov/boards/indivbd.asp?BoardID=1258144690
Orange County,Economic Development Advisory Board (REQUIRES DISCLOSURE STATEMENT),,Rotating,"Orange, North Carolina, United States",35.129611,-78.522231,12:00 pm Second Tuesday of every other month,,,,https://www4.orangecountync.gov/boards/indivbd.asp?BoardID=1258144706
Orange County,Hillsborough Board of Adjustment,,Hillsborough Town Hall Annex,"Hillsborough, North Carolina, United States",36.07523,-79.099228,7:00 pm Second  Wednesday of every month,,,,https://www4.orangecountync.gov/boards/indivbd.asp?BoardID=50
Orange County,Hillsborough Planning Board,,Hillsborough Town Hall Annex,"Hillsborough, North Carolina, United States",36.07523,-79.099228,7:00 pm Third Thursday of each month,,,,https://www4.orangecountync.gov/boards/indivbd.asp?BoardID=42
Orange County,Historic Preservation Commission (APPLICANTS SHALL RESIDE WITHIN THE TERRITORIAL JURISDICTION OF ORANGE COUNTY),,Old Orange County Courthouse,"Orange County Courthouse, 106 E Margaret Ln, Hillsborough, North Carolina 27278, United States",36.0745765,-79.099206,7:00 pm Fourth Wednesday of every month,,,,https://www4.orangecountync.gov/boards/indivbd.asp?BoardID=53
Orange County,Human Relations Commission,,TBD,"Orange, North Carolina, United States",35.129611,-78.522231,6:00 pm Fourth Tuesday of every month,,,,https://www4.orangecountync.gov/boards/indivbd.asp?BoardID=16
Orange County,Jury Commission,,Orange County Courthouse,"Orange County Courthouse, 106 E Margaret Ln, Hillsborough, North Carolina 27278, United States",36.0745765,-79.099206,As needed As needed,,,,https://www4.orangecountync.gov/boards/indivbd.asp?BoardID=10
Orange County,Mebane Board of Adjustment,,Mebane Town Hall,"Mebane, North Carolina, United States",36.095972,-79.266962,6:00 pm First Monday of every month (if necessary),,,,https://www4.orangecountync.gov/boards/indivbd.asp?BoardID=26
Orange County,Mebane Planning Board,,Mebane Town Hall,"Mebane, North Carolina, United States",36.095972,-79.266962,6:30 pm Second Monday of every month (if necessary),,,,https://www4.orangecountync.gov/boards/indivbd.asp?BoardID=32
Orange County,Nursing Home Community Advisory Committee,,"Seymour Center, 2551 Homestead Rd., Chapel Hill","Chapel Hill, North Carolina, United States",35.913154,-79.05578,5:30 pm First Tuesday of every other month,,,,https://www4.orangecountync.gov/boards/indivbd.asp?BoardID=4
Orange County,Opioid Advisory Committee,,TBD,"Orange, North Carolina, United States",35.129611,-78.522231,TBD TBD,,,,https://www4.orangecountync.gov/boards/indivbd.asp?BoardID=1258144721
Orange County,Orange County Board of Adjustment (REQUIRES DISCLOSURE STATEMENT),,"Whitted Building, Room 230","Orange Street, Beaufort, North Carolina 28516, United States",34.72012,-76.66512,7:00 pm Second Monday of every month,,,,https://www4.orangecountync.gov/boards/indivbd.asp?BoardID=46
Orange County,Orange County Housing Authority,,Southern Human Services Center,"Orange, North Carolina, United States",35.129611,-78.522231,6:00 pm Third Wednesday of every month,,,,https://www4.orangecountync.gov/boards/indivbd.asp?BoardID=1258144698
Orange County,Orange County Parks and Recreation Council,,Bonnie B. Davis Environment & Agricultural Center,"Davis, North Carolina, United States",34.797385,-76.460199,6:30 pm First Wednesday of every month,,,,https://www4.orangecountync.gov/boards/indivbd.asp?BoardID=44
Orange County,Orange County Planning Board (REQUIRES DISCLOSURE STATEMENT),,TBD,"Orange, North Carolina, United States",35.129611,-78.522231,7:00 pm First Wednesday of every month,,,,https://www4.orangecountync.gov/boards/indivbd.asp?BoardID=56
Orange County,Orange Unified Transportation Board,,"West Campus Office Building, Room 204","Orange, North Carolina, United States",35.129611,-78.522231,6:30 pm Third Wednesday of every month,,,,https://www4.orangecountync.gov/boards/indivbd.asp?BoardID=1258144670
Orange County,Orange Water & Sewer Authority Board of Directors,,OWASA Community Room,"Orange, North Carolina, United States",35.129611,-78.522231,6:00 pm Second Thursday of every month,,,,https://www4.orangecountync.gov/boards/indivbd.asp?BoardID=21
Orange County,GoTriangle Special Tax Board (COMMISSIONERS ONLY),,TBD,"Orange, North Carolina, United States",35.129611,-78.522231,TBD Once every January; more as needed,,,,https://www4.orangecountync.gov/boards/indivbd.asp?BoardID=1258144708
Orange County,Joint Orange Chatham Community Action Agency (CURRENTLY NOT ACCEPTING APPLICATIONS),,alternating locations-Orange/Chatham,"Orange, North Carolina, United States",35.129611,-78.522231,12:00 or 4:00 pm second Thursday of each month,,,,https://www4.orangecountync.gov/boards/indivbd.asp?BoardID=43
Orange County,Orange County Climate Council,,TBA,"Orange, North Carolina, United States",35.129611,-78.522231,TBA TBA,,,,https://www4.orangecountync.gov/boards/indivbd.asp?BoardID=1258144716
Orange County,Solid Waste Advisory Group (SWAG),,,"Orange, North Carolina, United States",35.129611,-78.522231,,,,,https://www4.orangecountync.gov/boards/indivbd.asp?BoardID=1258144710
Orange County,Workforce Development Board - Regional Partnership,,Rotates between participating counties,"Orange, North Carolina, United States",35.129611,-78.522231,day-time meeting quarterly,,,,https://www4.orangecountync.gov/boards/indivbd.asp?BoardID=29
